<?xml version="1.0" encoding="utf-8"?>
<extension type="component" version="2.5" method="upgrade">
    <name>com_pftime</name>
    <author>Tobias Kuhn</author>
    <creationDate>June 2013</creationDate>
    <copyright>(C) 2006 - 2013 Tobias Kuhn. All rights reserved.</copyright>
    <license>GNU General Public License version 2 or later; see LICENSE.txt</license>
    <authorEmail>support@projectfork.net</authorEmail>
    <authorUrl>www.projectfork.net</authorUrl>
    <version>4.1.0</version>
    <description>COM_PFTIME_XML_DESCRIPTION</description>
    <scriptfile>script.php</scriptfile>
    <files folder="site">
        <folder>controllers</folder>
        <folder>helpers</folder>
        <folder>models</folder>
        <folder>views</folder>
        <filename>pftime.php</filename>
        <filename>controller.php</filename>
        <filename>router.php</filename>
    </files>
    <administration>
        <files folder="admin">
            <folder>controllers</folder>
            <folder>helpers</folder>
            <folder>models</folder>
            <folder>tables</folder>
            <folder>views</folder>
            <filename>access.xml</filename>
            <filename>config.xml</filename>
            <filename>pftime.php</filename>
            <filename>controller.php</filename>
        </files>
        <languages folder="admin">
            <language tag="en-GB">language/en-GB/en-GB.com_pftime.ini</language>
            <language tag="en-GB">language/en-GB/en-GB.com_pftime.sys.ini</language>
        </languages>
    </administration>
</extension>