<?xml version="1.0" encoding="utf-8"?>
<extension type="component" version="2.5" method="upgrade">
    <name>com_pfdesigns</name>
    <author>Tobias Kuhn</author>
    <creationDate>May 2013</creationDate>
    <copyright>(C) 2012 - 2013 Tobias Kuhn. All rights reserved.</copyright>
    <license>GNU General Public License version 2 or later; see LICENSE.txt</license>
    <authorEmail>support@projectfork.net</authorEmail>
    <authorUrl>www.projectfork.net</authorUrl>
    <version>4.0.1</version>
    <description>COM_PFDESIGNS_XML_DESCRIPTION</description>
    <scriptfile>script.php</scriptfile>
    <install folder="admin">
        <sql>
            <file driver="mysql" charset="utf8">_install/mysql/structure.sql</file>
        </sql>
    </install>
    <files folder="site">
        <filename>pfdesigns.php</filename>
        <filename>index.html</filename>
    </files>
    <administration>
        <files folder="admin">
            <folder>_install</folder>
            <filename>access.xml</filename>
            <filename>config.xml</filename>
            <filename>pfdesigns.php</filename>
            <filename>index.html</filename>
        </files>
        <languages folder="admin">
            <language tag="en-GB">language/en-GB/en-GB.com_pfdesigns.ini</language>
            <language tag="en-GB">language/en-GB/en-GB.com_pfdesigns.sys.ini</language>
        </languages>
    </administration>
</extension>